name,gender,affiliation,devilFruit,devilFruitTranslated,devilFruitType,hakiTypes,bounty,height,origin,firstArc,firstAnimeEpisode,firstMangaChapter,status
Absalom,MALE,Thriller Bark Pirates,Suke Suke no Mi,Clear-Clear Fruit,PARAMECIA,NONE,0,195,WEST_BLUE,Thriller Bark,339,444,DEAD
Aladine,MALE,Sun Pirates,None,None,NONE,NONE,0,627,GRAND_LINE,Fish-Man Island,540,620,ALIVE
Alvida,FEMALE,Cross Guild,Sube Sube no Mi,Smooth-Smooth Fruit,PARAMECIA,NONE,5000000,198,EAST_BLUE,Romance Dawn,1,2,ALIVE
Aramaki Ryokugyu,MALE,Marines,Mori Mori no Mi,Woods-Woods Fruit,LOGIA,ARMAMENT|OBSERVATION,3000000000,308,SOUTH_BLUE,Levely,882,905,ALIVE
Arlong,MALE,Arlong Pirates,None,None,NONE,NONE,20000000,263,GRAND_LINE,Arlong Park,31,69,ALIVE
Ashura Doji,MALE,Kouzuki Family,None,None,NONE,ARMAMENT|OBSERVATION,0,544,GRAND_LINE,Wano Country,910,920,DEAD
Atlas,FEMALE,Special Science Group,None,None,NONE,NONE,0,729,GRAND_LINE,Egghead,1091,1062,ALIVE
Avalo Pizarro,MALE,Blackbeard Pirates,Shima Shima no Mi,Isle-Isle Fruit,PARAMECIA,NONE,0,505,NORTH_BLUE,Marineford,484,575,ALIVE
Babe,MALE,Baroque Works,None,None,NONE,NONE,3200000,218,GRAND_LINE,Arabasta,103,160,ALIVE
Baby 5,FEMALE,Chinjao Family,Buki Buki no Mi,Arms-Arms Fruit,PARAMECIA,NONE,0,181,NORTH_BLUE,Punk Hazard,608,682,ALIVE
Bartholomew Kuma,MALE,Revolutionary Army,Nikyu Nikyu no Mi,Paw-Paw Fruit,PARAMECIA,ARMAMENT|OBSERVATION,296000000,689,SOUTH_BLUE,Jaya,151,233,ALIVE
Bartolomeo,MALE,Barto Club,Bari Bari no Mi,Barrier-Barrier Fruit,PARAMECIA,NONE,200000000,220,EAST_BLUE,Dressrosa,633,705,UNKNOWN
Basil Hawkins,MALE,Hawkins Pirates,Wara Wara no Mi,Straw-Straw Fruit,PARAMECIA,ARMAMENT|OBSERVATION,320000000,210,NORTH_BLUE,Sabaody Archipelago,392,498,UNKNOWN
Belo Betty,FEMALE,Revolutionary Army,Kobu Kobu no Mi,Pump-Pump Fruit,PARAMECIA,ARMAMENT|OBSERVATION,457000000,196,EAST_BLUE,Levely,880,904,ALIVE
Bellamy,MALE,Donquixote Pirates,Bane Bane no Mi,Boing-Boing Fruit,PARAMECIA,ARMAMENT|OBSERVATION,195000000,240,NORTH_BLUE,Jaya,146,222,ALIVE
Bell-mère,FEMALE,Marines,None,None,NONE,NONE,0,186,EAST_BLUE,Arlong Park,32,77,DEAD
Benn Beckman,MALE,Red Hair Pirates,None,None,NONE,ARMAMENT|OBSERVATION,0,206,NORTH_BLUE,Romance Dawn,4,1,ALIVE
Bon Clay,MALE,Newkama Land,Mane Mane no Mi,Clone-Clone Fruit,PARAMECIA,NONE,32000000,238,EAST_BLUE,Little Garden,78,129,ALIVE
Bepo,MALE,Heart Pirates,None,None,NONE,NONE,1500,240,GRAND_LINE,Sabaody Archipelago,392,498,ALIVE
Black Maria,FEMALE,Beasts Pirates,Kumo Kumo no Mi Model: Rosamygale Grauvogeli,Spider-Spider Fruit: Model  Rosamygale Grauvogeli,ZOAN,ARMAMENT|OBSERVATION,480000000,820,GRAND_LINE,Wano Country,982,977,ALIVE
Blueno,MALE,CP0,Doa Doa no Mi,Door-Door Fruit,PARAMECIA,ARMAMENT|OBSERVATION,0,258,NORTH_BLUE,Water 7,230,325,ALIVE
Boa Hancock,FEMALE,Kuja Pirates,Mero Mero no Mi,Love-Love Fruit,PARAMECIA,ARMAMENT|OBSERVATION|CONQUEROR,1659000000,191,CALM_BELT,Amazon Lily,409,516,ALIVE
Boa Marigold,FEMALE,Kuja Pirates,Hebi Hebi no Mi Model: King Cobra,Snake-Snake Fruit Model: King Cobra,ZOAN,ARMAMENT|OBSERVATION,40000000,432,CALM_BELT,Amazon Lily,409,516,ALIVE
Boa Sandersonia,FEMALE,Kuja Pirates,Hebi Hebi no Mi Model: Anaconda,Snake-Snake Fruit Model: Anaconda,ZOAN,ARMAMENT|OBSERVATION,40000000,453,CALM_BELT,Amazon Lily,409,516,ALIVE
Borsalino Kizaru,MALE,Marines,Pika Pika no Mi,Glint-Glint Fruit,LOGIA,ARMAMENT|OBSERVATION,3000000000,302,NORTH_BLUE,Sabaody Archipelago,398,504,ALIVE
Brogy,MALE,Giant Warrior Pirates,None,None,NONE,NONE,1800000000,2130,GRAND_LINE,Little Garden,71,115,ALIVE
Brook,MALE,Straw Hat Pirates,Yomi Yomi no Mi,Revive-Revive Fruit,PARAMECIA,NONE,383000000,277,WEST_BLUE,Thriller Bark,337,442,DEAD
Buffalo,MALE,Donquixote Pirates,Guru Guru no Mi,Spin-Spin Fruit,PARAMECIA,NONE,0,696,NORTH_BLUE,Punk Hazard,618,692,ALIVE
Buggy,MALE,Cross Guild,Bara Bara no Mi,Chop-Chop Fruit,PARAMECIA,NONE,3189000000,192,GRAND_LINE,Orange Town,4,9,ALIVE
Caesar Clown,MALE,Germa Kingdom,Gasu Gasu no Mi,Gas-Gas Fruit,LOGIA,NONE,300000000,309,GRAND_LINE,Punk Hazard,581,658,ALIVE
Camie,FEMALE,Takoyaki 8,None,None,NONE,NONE,0,197,GRAND_LINE,Sabaody Archipelago,385,490,ALIVE
Capone Bege,MALE,Fire Tank Pirates,Shiro Shiro no Mi,Castle-Castle Fruit,PARAMECIA,NONE,350000000,166,WEST_BLUE,Sabaody Archipelago,392,498,ALIVE
Caribou,MALE,Caribou Pirates,Numa Numa no Mi,Swamp-Swamp Fruit,LOGIA,NONE,210000000,228,NORTH_BLUE,Return to Sabaody,519,600,ALIVE
Carmel,FEMALE,Underworld,Soru Soru no Mi,Soul-Soul Fruit,PARAMECIA,NONE,0,185,WEST_BLUE,Whole Cake Island,831,861,DEAD
Carrot,FEMALE,Mokomo Dukedom,None,None,NONE,NONE,0,161,GRAND_LINE,Zou,753,804,ALIVE
Catarina Devon,FEMALE,Blackbeard Pirates,Inu Inu no Mi Model: Kyuubi no Kitsune,Dog-Dog Fruit Model: Nine Tailed Fox,ZOAN,NONE,0,361,SOUTH_BLUE,Marineford,484,575,ALIVE
Cavendish,MALE,Beautiful Pirates,None,None,NONE,ARMAMENT|OBSERVATION,330000000,208,GRAND_LINE,Dressrosa,632,704,ALIVE
Chaka,MALE,Arabasta Kingdom,Inu Inu no Mi Model: Jackal,Dog-Dog Fruit Model: Jackal,ZOAN,NONE,0,213,GRAND_LINE,Arabasta,91,155,ALIVE
Charlotte Brûlée,FEMALE,Big Mom Pirates,Mira Mira no Mi,Mirror-Mirror Fruit,PARAMECIA,NONE,0,350,GRAND_LINE,Whole Cake Island,791,831,ALIVE
Charlotte Chiffon,FEMALE,Fire Tank Pirates,None,None,NONE,NONE,0,215,GRAND_LINE,Whole Cake Island,783,825,ALIVE
Charlotte Cracker,MALE,Big Mom Pirates,Bisu Bisu no Mi,Biscuit-Biscuit Fruit,PARAMECIA,ARMAMENT|OBSERVATION,860000000,307,GRAND_LINE,Whole Cake Island,796,835,ALIVE
Charlotte Daifuku,MALE,Big Mom Pirates,Hoya Hoya no Mi,Puff-Puff Fruit,PARAMECIA,ARMAMENT|OBSERVATION,300000000,489,GRAND_LINE,Whole Cake Island,826,861,ALIVE
Charlotte Katakuri,MALE,Big Mom Pirates,Mochi Mochi no Mi,Mochi-Mochi Fruit,PARAMECIA,ARMAMENT|OBSERVATION|CONQUEROR,1057000000,509,GRAND_LINE,Whole Cake Island,825,860,ALIVE
Charlotte Linlin (Big Mom),FEMALE,Big Mom Pirates,Soru Soru no Mi,Soul-Soul Fruit,PARAMECIA,ARMAMENT|OBSERVATION|CONQUEROR,4388000000,880,GRAND_LINE,Fish-Man Island,571,651,UNKNOWN
Charlotte Lola,FEMALE,Rolling Pirates,None,None,NONE,NONE,24000000,215,GRAND_LINE,Thriller Bark,370,476,ALIVE
Charlotte Mont-d'Or,MALE,Big Mom Pirates,Buku Buku no Mi,Book-Book Fruit,PARAMECIA,NONE,120000000,260,GRAND_LINE,Whole Cake Island,789,829,ALIVE
Charlotte Oven,MALE,Big Mom Pirates,Netsu Netsu no Mi,Heat-Heat Fruit,PARAMECIA,ARMAMENT|OBSERVATION,300000000,492,GRAND_LINE,Whole Cake Island,827,861,ALIVE
Charlotte Perospero,MALE,Big Mom Pirates,Pero Pero no Mi,Lick-Lick Fruit,PARAMECIA,ARMAMENT|OBSERVATION,700000000,333,GRAND_LINE,Whole Cake Island,795,834,ALIVE
Charlotte Pudding,FEMALE,Big Mom Pirates,Memo Memo no Mi,Memo-Memo Fruit,PARAMECIA,NONE,0,166,GRAND_LINE,Whole Cake Island,571,651,ALIVE
Charlotte Smoothie,FEMALE,Big Mom Pirates,Shibo Shibo no Mi,Wring-Wring Fruit,PARAMECIA,ARMAMENT|OBSERVATION,932000000,464,GRAND_LINE,Whole Cake Island,812,846,ALIVE
Chinjao,MALE,Chinjao Family,None,None,NONE,ARMAMENT|OBSERVATION|CONQUEROR,542000000,520,WEST_BLUE,Dressrosa,632,704,ALIVE
Crocodile,MALE,Cross Guild,Suna Suna no Mi,Sand-Sand Fruit,LOGIA,ARMAMENT|OBSERVATION,1965000000,253,GRAND_LINE,Little Garden,76,126,ALIVE
Crocus,MALE,Roger Pirates,None,None,NONE,OBSERVATION,0,203,GRAND_LINE,Reverse Mountain,62,102,ALIVE
Curly Dadan,FEMALE,Dadan Family,None,None,NONE,NONE,7800000,221,EAST_BLUE,Post-War,582,493,ALIVE
Dalton,MALE,Sakura Kingdom,Ushi Ushi no Mi Model: Bison,Ox-Ox Fruit Model: Bison,ZOAN,NONE,0,218,GRAND_LINE,Drum Island,79,132,ALIVE
Daz Bonez,MALE,Cross Guild,Supa Supa no Mi,Dice-Dice Fruit,PARAMECIA,NONE,75000000,212,WEST_BLUE,Arabasta,103,160,ALIVE
Denjiro,MALE,Kouzuki Family,None,None,NONE,ARMAMENT|OBSERVATION,0,306,GRAND_LINE,Wano Country,909,919,ALIVE
Diamante,MALE,Donquixote Pirates,Hira Hira no Mi,Ripple-Ripple Fruit,PARAMECIA,ARMAMENT|OBSERVATION,99000000,525,NORTH_BLUE,Dressrosa,629,700,ALIVE
Doc Q,MALE,Blackbeard Pirates,Shiku Shiku no Mi,Sick-Sick Fruit,PARAMECIA,NONE,72000000,342,NORTH_BLUE,Jaya,146,223,ALIVE
Donquixote Doflamingo,MALE,Donquixote Pirates,Ito Ito no Mi,String-String Fruit,PARAMECIA,ARMAMENT|OBSERVATION|CONQUEROR,340000000,305,RED_LINE,Jaya,151,233,ALIVE
Donquixote Rosinante (Corazon),MALE,Marines,Nagi Nagi no Mi,Calm-Calm Fruit,PARAMECIA,NONE,0,293,RED_LINE,Dressrosa,686,761,DEAD
Dorry,MALE,Giant Warrior Pirates,None,None,NONE,NONE,1800000000,2260,GRAND_LINE,Little Garden,71,116,ALIVE
Dracule Mihawk,MALE,Cross Guild,None,None,NONE,ARMAMENT|OBSERVATION,3590000000,198,UNKNOWN,Baratie,23,49,ALIVE
Edison,MALE,Special Science Group,None,None,NONE,NONE,0,100,GRAND_LINE,Egghead,1095,1065,ALIVE
Edward Newgate (Whitebeard),MALE,Whitebeard Pirates,Gura Gura no Mi,Tremor-Tremor Fruit,PARAMECIA,ARMAMENT|OBSERVATION|CONQUEROR,5046000000,666,GRAND_LINE,Jaya,151,234,DEAD
Emporio Ivankov,MALE,Revolutionary Army,Horu Horu no Mi,Horm-Horm Fruit,PARAMECIA,ARMAMENT|OBSERVATION,100000000,449,GRAND_LINE,Impel Down,438,537,ALIVE
Enel,MALE,God's Army,Goro Goro no Mi,Rumble-Rumble Fruit,LOGIA,OBSERVATION,0,266,SKY_ISLANDS,Skypiea,167,254,ALIVE
Eustass Kid,MALE,Kid Pirates,Jiki Jiki no Mi,Magnet-Magnet Fruit,PARAMECIA,ARMAMENT|OBSERVATION|CONQUEROR,3000000000,205,SOUTH_BLUE,Sabaody Archipelago,392,498,UNKNOWN
Foxy,MALE,Foxy Pirates,Noro Noro no Mi,Slow-Slow Fruit,PARAMECIA,NONE,24000000,180,SOUTH_BLUE,Long Ring Long Land,207,205,ALIVE
Franky,MALE,Straw Hat Pirates,None,None,NONE,NONE,394000000,240,SOUTH_BLUE,Water 7,233,329,ALIVE
Galdino (Mr. 3),MALE,Cross Guild,Doru Doru no Mi,Wax-Wax Fruit,PARAMECIA,NONE,24000000,179,SOUTH_BLUE,Little Garden,70,117,ALIVE
Gecko Moria,MALE,Thriller Bark Pirates,Kage Kage no Mi,Shadow-Shadow Fruit,PARAMECIA,NONE,320000000,692,WEST_BLUE,Thriller Bark,343,449,ALIVE
Gin,MALE,Krieg Pirates,None,None,NONE,NONE,12000000,186,EAST_BLUE,Baratie,21,44,ALIVE
Gladius,MALE,Donquixote Pirates,Pamu Pamu no Mi,Pop-Pop Fruit,PARAMECIA,NONE,31000000,260,NORTH_BLUE,Punk Hazard,608,682,ALIVE
Gol D. Roger,MALE,Roger Pirates,None,None,NONE,ARMAMENT|OBSERVATION|CONQUEROR,5564800000,274,EAST_BLUE,Romance Dawn,1,1,DEAD
Hajrudin,MALE,New Giant Warrior Pirates,None,None,NONE,NONE,0,2200,GRAND_LINE,Dressrosa,639,706,ALIVE
Hannyabal,MALE,Impel Down,None,None,NONE,NONE,0,309,SOUTH_BLUE,Impel Down,422,525,ALIVE
Hibari,FEMALE,Marines,None,None,NONE,ARMAMENT|OBSERVATION,200000000,165,NORTH_BLUE,Egghead,1090,1061,ALIVE
Hina,FEMALE,Marines,Ori Ori no Mi,Cage-Cage Fruit,PARAMECIA,NONE,200000000,181,WEST_BLUE,Arabasta,127,212,ALIVE
Hody Jones,MALE,New Fish-Man Pirates,None,None,NONE,NONE,0,331,GRAND_LINE,Fish-Man Island,527,608,ALIVE
Iceburg,MALE,Galley-La Company,None,None,NONE,NONE,0,199,GRAND_LINE,Water 7,230,323,ALIVE
Inuarashi,MALE,Kouzuki Family,None,None,NONE,NONE,0,511,GRAND_LINE,Zou,808,756,ALIVE
Issho Fujitora,MALE,Marines,Zushi Zushi no Mi,Press-Press Fruit,PARAMECIA,ARMAMENT|OBSERVATION,3000000000,270,GRAND_LINE,Dressrosa,630,701,ALIVE
Izou,MALE,Kouzuki Family,None,None,NONE,ARMAMENT|OBSERVATION,510000000,192,GRAND_LINE,Marineford,461,553,DEAD
Jaguar D. Saul,MALE,Marines,None,None,NONE,NONE,0,1950,SOUTH_BLUE,Enies Lobby,275,392,DEAD
Jesus Burgess,MALE,Blackbeard Pirates,Riki Riki no Mi,Strong-Strong Fruit,PARAMECIA,ARMAMENT|OBSERVATION,20000000,355,GRAND_LINE,Jaya,146,222,ALIVE
Jewelry Bonney,FEMALE,Bonney Pirates,Toshi Toshi no Mi,Age-Age Fruit,PARAMECIA,ARMAMENT,320000000,174,RED_LINE,Sabaody Archipelago,392,498,ALIVE
Jinbe,MALE,Straw Hat Pirates,None,None,NONE,ARMAMENT|OBSERVATION,1100000000,301,GRAND_LINE,Impel Down,430,529,ALIVE
Kaidou,MALE,Beasts Pirates,Uo Uo no Mi Model: Seiryu,Fish-Fish Fruit Model: Azure Dragon,ZOAN,ARMAMENT|OBSERVATION|CONQUEROR,4611100000,710,GRAND_LINE,Dressrosa,736,795,UNKNOWN
Kaku,MALE,CP0,Ushi Ushi no Mi Model: Giraffe,Ox-Ox Fruit Model: Giraffe,ZOAN,ARMAMENT|OBSERVATION,0,193,EAST_BLUE,Water 7,230,323,ALIVE
Kalifa,FEMALE,CP0,Awa Awa no Mi,Bubble-Bubble Fruit,PARAMECIA,ARMAMENT|OBSERVATION,0,185,GRAND_LINE,Water 7,230,323,ALIVE
Karasu,MALE,Revolutionary Army,Susu Susu no Mi,Soot-Soot Fruit,LOGIA,ARMAMENT|OBSERVATION,400000000,265,NORTH_BLUE,Post-War,510,593,ALIVE
Kawamatsu,MALE,Kouzuki Family,None,None,NONE,ARMAMENT|OBSERVATION,0,271,GRAND_LINE,Wano Country,910,920,ALIVE
Kaya,FEMALE,None,None,None,NONE,NONE,0,169,EAST_BLUE,Syrup Village,9,23,ALIVE
Kikunojo,MALE,Kouzuki Family,None,None,NONE,ARMAMENT|OBSERVATION,0,287,GRAND_LINE,Wano Country,899,913,ALIVE
Killer,MALE,Kid Pirates,None,None,NONE,ARMAMENT|OBSERVATION,200000000,195,SOUTH_BLUE,Sabaody Archipelago,392,498,UNKNOWN
Kin'emon,MALE,Kouzuki Family,Fuku Fuku no Mi,Garb-Garb Fruit,PARAMECIA,ARMAMENT|OBSERVATION,0,295,GRAND_LINE,Punk Hazard,580,656,ALIVE
King,MALE,Beasts Pirates,Ryu Ryu no Mi Model: Pteranodon,Dragon-Dragon Fruit Model: Pteranodon,ZOAN,ARMAMENT|OBSERVATION,1390000000,613,GRAND_LINE,Wano Country,918,925,ALIVE
Koala,FEMALE,Revolutionary Army,None,None,NONE,NONE,0,160,UNKNOWN,Fish-Man Island,541,622,ALIVE
Koby,MALE,Marines,None,None,NONE,ARMAMENT|OBSERVATION,500000000,167,EAST_BLUE,Romance Dawn,1,2,ALIVE
Kouzuki Hiyori,FEMALE,Kouzuki Family,None,None,NONE,NONE,0,170,GRAND_LINE,Wano Country,892,909,ALIVE
Kouzuki Momonosuke,MALE,Kouzuki Family,Uo Uo no Mi Model: Seiryu,Fish-Fish Fruit Model: Azure Dragon,ARTIFICIAL,OBSERVATION,0,322,GRAND_LINE,Punk Hazard,609,684,ALIVE
Kouzuki Oden,MALE,Kouzuki Family,None,None,NONE,ARMAMENT|OBSERVATION|CONQUEROR,0,382,GRAND_LINE,Wano Country,910,920,DEAD
Kouzuki Toki,FEMALE,Kouzuki Family,Toki Toki no Mi,Time-Time Fruit,PARAMECIA,NONE,0,190,UNKNOWN,Wano Country,893,919,DEAD
Krieg,MALE,Krieg Pirates,None,None,NONE,NONE,17000000,243,EAST_BLUE,Baratie,21,45,ALIVE
Kujaku,FEMALE,Marines,Muchi Muchi no Mi,Whip-Whip Fruit,PARAMECIA,ARMAMENT|OBSERVATION,500000000,180,NORTH_BLUE,Egghead,1090,1061,ALIVE
Kureha,FEMALE,Sakura Kingdom,None,None,NONE,NONE,0,188,GRAND_LINE,Drum Island,80,134,ALIVE
Kuro,MALE,Black Cat Pirates,None,None,NONE,NONE,16000000,207,EAST_BLUE,Syrup Village,9,23,ALIVE
Kurozumi Higurashi,FEMALE,Kurozumi Family,Mane Mane no Mi,Clone-Clone Fruit,PARAMECIA,NONE,0,193,GRAND_LINE,Wano Country,965,965,DEAD
Kurozumi Kanjuro,MALE,Kurozumi Family,Fude Fude no Mi,Brush-Brush Fruit,PARAMECIA,ARMAMENT|OBSERVATION,0,347,UNKNOWN,Dressrosa,629,700,DEAD
Kurozumi Orochi,MALE,Kurozumi Family,Hebi Hebi no Mi Model: Yamata no Orochi,Snake-Snake Fruit Model: Eight Headed Serpent,ZOAN,NONE,0,350,GRAND_LINE,Wano Country,921,927,DEAD
Kurozumi Semimaru,MALE,Kurozumi Family,Bari Bari no Mi,Barrier-Barrier Fruit,PARAMECIA,NONE,0,227,GRAND_LINE,Wano Country,965,965,DEAD
Kurozumi Tama,FEMALE,Kurozumi Family,Kibi Kibi no Mi,Millet-Millet Fruit,PARAMECIA,NONE,0,108,GRAND_LINE,Wano Country,893,911,ALIVE
Kuzan Aokiji,MALE,Blackbeard Pirates,Hie Hie no Mi,Ice-Ice Fruit,LOGIA,ARMAMENT|OBSERVATION,0,298,SOUTH_BLUE,Long Ring Long Land,225,303,ALIVE
Kyros,MALE,Riku Family,None,None,NONE,NONE,0,298,GRAND_LINE,Dressrosa,631,702,ALIVE
Laffitte,MALE,Blackbeard Pirates,None,None,NONE,NONE,42200000,340,WEST_BLUE,Jaya,151,234,ALIVE
Lao G,MALE,Donquixote Pirates,None,None,NONE,NONE,61000000,157,NORTH_BLUE,Punk Hazard,608,682,ALIVE
Leo,MALE,Tontatta Pirates,Nui Nui no Mi,Sew-Sew Fruit,PARAMECIA,NONE,0,23,GRAND_LINE,Dressrosa,640,710,ALIVE
Lilith,FEMALE,Special Science Group,None,None,NONE,NONE,0,204,GRAND_LINE,Egghead,1090,1061,ALIVE
Little Oars Jr.,MALE,Little Pirates,None,None,NONE,NONE,550000000,6000,GRAND_LINE,Marineford,463,554,UNKNOWN
Lucky Roux,MALE,Red Hair Pirates,None,None,NONE,ARMAMENT,0,241,SOUTH_BLUE,Romance Dawn,4,1,ALIVE
Machvise,MALE,Donquixote Pirates,Ton Ton no Mi,Ton-Ton Fruit,PARAMECIA,NONE,11000000,440,NORTH_BLUE,Punk Hazard,608,682,ALIVE
Magellan,MALE,Impel Down,Doku Doku no Mi,Venom-Venom Fruit,PARAMECIA,NONE,0,491,GRAND_LINE,Impel Down,425,528,ALIVE
Mansherry,FEMALE,Tontatta Kingdom,Chiyu Chiyu no Mi,Heal-Heal Fruit,PARAMECIA,NONE,0,20,GRAND_LINE,Dressrosa,647,717,ALIVE
Marco,MALE,Whitebeard Pirates,Tori Tori no Mi Model: Phoenix,Bird-Bird Fruit Model: Phoenix,ZOAN,ARMAMENT|OBSERVATION,1374000000,203,GRAND_LINE,Jaya,151,234,ALIVE
Marshall D. Teach,MALE,Blackbeard Pirates,Yami Yami no Mi,Dark-Dark Fruit,LOGIA,ARMAMENT|OBSERVATION,3996000000,344,GRAND_LINE,Jaya,146,223,ALIVE
Marshall D. Teach,MALE,Blackbeard Pirates,Gura Gura no Mi,Tremor-Tremor Fruit,PARAMECIA,ARMAMENT|OBSERVATION,3996000000,344,GRAND_LINE,Jaya,146,223,ALIVE
Monet,FEMALE,Donquixote Pirates,Yuki Yuki no Mi,Snow-Snow Fruit,LOGIA,NONE,0,227,NORTH_BLUE,Punk Hazard,581,657,DEAD
Monkey D. Dragon,MALE,Revolutionary Army,None,None,NONE,NONE,0,256,EAST_BLUE,Loguetown,52,100,ALIVE
Monkey D. Garp,MALE,Marines,None,None,NONE,ARMAMENT|OBSERVATION|CONQUEROR,3000000000,287,EAST_BLUE,Post-Enies Lobby,313,431,ALIVE
Monkey D. Luffy,MALE,Straw Hat Pirates,Hito Hito no Mi Model: Nika,Human-Human Fruit Model: Nika,ZOAN,ARMAMENT|OBSERVATION|CONQUEROR,3000000000,174,EAST_BLUE,Romance Dawn,1,1,ALIVE
Mont Blanc Cricket,MALE,Saruyama Alliance,None,None,NONE,NONE,25000000,242,NORTH_BLUE,Jaya,148,227,ALIVE
Mont Blanc Noland,MALE,Lvneel Kingdom,None,None,NONE,NONE,0,220,NORTH_BLUE,Skypiea,187,286,DEAD
Morgans,MALE,World Economy News Paper,Tori Tori no Mi Model: Albatross,Bird-Bird Fruit Model: Albatross,ZOAN,NONE,0,305,GRAND_LINE,Whole Cake Island,830,860,ALIVE
Morley,FEMALE,Revolutionary Army,Oshi Oshi no Mi,Push-Push Fruit,PARAMECIA,ARMAMENT|OBSERVATION,293000000,1253,WEST_BLUE,Levely,880,904,ALIVE
Nami,FEMALE,Straw Hat Pirates,None,None,NONE,NONE,366000000,170,EAST_BLUE,Orange Town,1,8,ALIVE
Nefertari Cobra,MALE,Arabasta Kingdom,None,None,NONE,NONE,0,182,GRAND_LINE,Drum Island,91,142,DEAD
Nefertari D. Vivi,FEMALE,Arabasta Kingdom,None,None,NONE,NONE,0,169,GRAND_LINE,Reverse Mountain,62,103,ALIVE
Nekomamushi,MALE,Kouzuki Family,None,None,NONE,NONE,0,522,GRAND_LINE,Zou,756,809,ALIVE
Neptune,MALE,Ryugu Kingdom,None,None,NONE,NONE,0,1220,GRAND_LINE,Fish-Man Island,530,611,ALIVE
Nico Olvia,FEMALE,Ohara Archaeologists,None,None,NONE,NONE,79000000,186,WEST_BLUE,Enies Lobby,275,392,DEAD
Nico Robin,FEMALE,Straw Hat Pirates,Hana Hana no Mi,Flower-Flower Fruit,PARAMECIA,NONE,930000000,188,WEST_BLUE,Whisky Peak,67,114,ALIVE
Nojiko,FEMALE,None,None,None,NONE,NONE,0,170,EAST_BLUE,Arlong Park,31,70,ALIVE
Oars,MALE,Thriller Bark Pirates,None,None,NONE,NONE,0,6700,NORTH_BLUE,Thriller Bark,350,456,DEAD
Onimaru,MALE,Kouzuki Family,Hito Hito no Mi Model: Onyudo,Human-Human Fruit Model: Onyudo,ZOAN,NONE,0,428,UNKNOWN,Wano Country,932,936,ALIVE
Otohime,FEMALE,Ryugu Kingdom,None,None,NONE,NONE,0,224,GRAND_LINE,Fish-Man Island,539,621,DEAD
Page One,MALE,Beasts Pirates,Ryu Ryu no Mi Model: Spinosaurus,Dragon-Dragon Fruit Model: Spinosaurus,ZOAN,ARMAMENT|OBSERVATION,290000000,171,GRAND_LINE,Wano Country,923,929,ALIVE
Pandaman,MALE,None,None,None,NONE,NONE,3333333,200,TIBET,Baratie,1,44,ALIVE
Pappag,MALE,Takoyaki 8,None,None,NONE,NONE,0,50,GRAND_LINE,Sabaody Archipelago,385,490,ALIVE
Paulie,MALE,Galley-La Company,None,None,NONE,NONE,0,195,GRAND_LINE,Water 7,230,323,ALIVE
Pedro,MALE,Mokomo Dukedom,None,None,NONE,ARMAMENT|OBSERVATION,382000000,233,GRAND_LINE,Zou,754,805,DEAD
Pekoms,MALE,Big Mom Pirates,Kame Kame no Mi,Turtle-Turtle Fruit,ZOAN,ARMAMENT|OBSERVATION,330000000,232,GRAND_LINE,Fish-Man Island,570,651,UNKNOWN
Pell,MALE,Arabasta Kingdom,Tori Tori no Mi Model: Falcon,Bird-Bird Fruit Model: Falcon,ZOAN,NONE,0,189,GRAND_LINE,Arabasta,91,155,ALIVE
Perona,FEMALE,Thriller Bark Pirates,Horo Horo no Mi,Hollow-Hollow Fruit,PARAMECIA,NONE,0,160,WEST_BLUE,Thriller Bark,338,443,ALIVE
Pica,MALE,Donquixote Pirates,Ishi Ishi no Mi,Stone-Stone Fruit,PARAMECIA,ARMAMENT|OBSERVATION,99000000,470,NORTH_BLUE,Dressrosa,629,700,ALIVE
Portgas D. Ace,MALE,Whitebeard Pirates,Mera Mera no Mi,Flame-Flame Fruit,LOGIA,ARMAMENT|OBSERVATION|CONQUEROR,550000000,185,SOUTH_BLUE,Drum Island,91,154,DEAD
Pythagoras,MALE,Special Science Group,None,None,NONE,NONE,0,341,GRAND_LINE,Egghead,1095,1065,ALIVE
Queen,MALE,Beasts Pirates,Ryu Ryu no Mi Model: Brachiosaurus,Dragon-Dragon Fruit Model: Brachiosaurus,ZOAN,ARMAMENT|OBSERVATION,1320000000,612,GRAND_LINE,Wano Country,918,925,ALIVE
Raizo,MALE,Kouzuki Family,Maki Maki no Mi,Scroll-Scroll Fruit,PARAMECIA,ARMAMENT|OBSERVATION,0,311,GRAND_LINE,Zou,768,817,ALIVE
Rebecca,FEMALE,Riku Family,None,None,NONE,OBSERVATION,0,171,GRAND_LINE,Dressrosa,633,704,ALIVE
Rob Lucci,MALE,CP0,Neko Neko no Mi Model: Leopard,Cat-Cat Fruit Model: Leopard,ZOAN,ARMAMENT|OBSERVATION,0,212,GRAND_LINE,Water 7,230,323,ALIVE
Roronoa Zoro,MALE,Straw Hat Pirates,None,None,NONE,ARMAMENT|OBSERVATION|CONQUEROR,1111000000,181,EAST_BLUE,Romance Dawn,1,3,ALIVE
S-Bear,MALE,Special Science Group,Nikyu Nikyu no Mi,Paw-Paw Fruit,ARTIFICIAL,ARMAMENT|OBSERVATION,0,660,GRAND_LINE,Egghead,1092,1062,ALIVE
S-Hawk,MALE,Special Science Group,Supa Supa no Mi,Dice-Dice Fruit,ARTIFICIAL,ARMAMENT|OBSERVATION,0,212,GRAND_LINE,Egghead,1087,1059,ALIVE
S-Shark,MALE,Special Science Group,Sui Sui no Mi,Swim-Swim Fruit,ARTIFICIAL,ARMAMENT|OBSERVATION,0,320,GRAND_LINE,Egghead,1094,1065,ALIVE
S-Snake,FEMALE,Special Science Group,Mero Mero no Mi,Love-Love Fruit,ARTIFICIAL,ARMAMENT|OBSERVATION,0,208,GRAND_LINE,Egghead,1087,1059,ALIVE
Sabo,MALE,Revolutionary Army,Mera Mera no Mi,Flame-Flame Fruit,LOGIA,ARMAMENT|OBSERVATION,602000000,187,EAST_BLUE,Post-War,494,583,ALIVE
Sai,MALE,Chinjao Family,None,None,NONE,ARMAMENT|OBSERVATION,210000000,242,WEST_BLUE,Dressrosa,632,704,ALIVE
Sakazuki Akainu,MALE,Marines,Magu Magu no Mi,Magma-Magma Fruit,LOGIA,ARMAMENT|OBSERVATION,5000000000,306,NORTH_BLUE,Enies Lobby,278,397,ALIVE
Sanjuan Wolf,MALE,Blackbeard Pirates,Deka Deka no Mi,Huge-Huge Fruit,PARAMECIA,NONE,0,18000,WEST_BLUE,Marineford,484,575,ALIVE
Sasaki,MALE,Beasts Pirates,Ryu Ryu no Mi Model: Triceratops,Dragon-Dragon Fruit Triceratops Model,ZOAN,ARMAMENT|OBSERVATION,472000000,318,GRAND_LINE,Wano Country,982,977,ALIVE
Scratchmen Apoo,MALE,Beasts Pirates,Oto Oto no Mi,Tone-Tone Fruit,PARAMECIA,ARMAMENT|OBSERVATION,350000000,256,GRAND_LINE,Sabaody Archipelago,392,498,ALIVE
Sengoku,MALE,Marines,Hito Hito no Mi Model: Daibutsu,Human-Human Fruit Model: Buddha,ZOAN,ARMAMENT|OBSERVATION|CONQUEROR,0,278,SOUTH_BLUE,Jaya,151,234,ALIVE
Señor Pink,MALE,Donquixote Pirates,Sui Sui no Mi,Swim-Swim Fruit,PARAMECIA,NONE,58000000,244,NORTH_BLUE,Dressrosa,632,702,ALIVE
Sentomaru,MALE,Marines,None,None,NONE,ARMAMENT|OBSERVATION,500000000,279,GRAND_LINE,Sabaody Archipelago,401,497,ALIVE
Shaka,MALE,Special Science Group,None,None,NONE,NONE,0,220,GRAND_LINE,Egghead,1091,1062,ALIVE
Shanks,MALE,Red Hair Pirates,None,None,NONE,ARMAMENT|OBSERVATION|CONQUEROR,4048900000,199,WEST_BLUE,Romance Dawn,4,1,ALIVE
Shimotsuki Ryuma,MALE,Shimotsuki Family,None,None,NONE,ARMAMENT,0,179,GRAND_LINE,Wano Country,1046,1023,DEAD
Shimotsuki Yasuie,MALE,Shimotsuki Family,None,None,NONE,NONE,0,155,GRAND_LINE,Wano Country,916,929,DEAD
Shinobu,FEMALE,Kouzuki Family,Juku Juku no Mi,Ripe-Ripe Fruit,PARAMECIA,NONE,0,180,GRAND_LINE,Wano Country,911,921,ALIVE
Shirahoshi,FEMALE,Ryugu Kingdom,None,None,NONE,NONE,0,1187,GRAND_LINE,Fish-Man Island,531,612,ALIVE
Shiryu,MALE,Blackbeard Pirates,Suke Suke no Mi,Clear-Clear Fruit,PARAMECIA,ARMAMENT,0,340,GRAND_LINE,Impel Down,440,538,ALIVE
Shishilian,MALE,Mokomo Dukedom,None,None,NONE,NONE,0,196,GRAND_LINE,Zou,759,808,ALIVE
Silvers Rayleigh,MALE,Roger Pirates,None,None,NONE,ARMAMENT|OBSERVATION|CONQUEROR,0,188,UNKNOWN,Orange Town,8,19,ALIVE
Smoker,MALE,Marines,Moku Moku no Mi,Smoke-Smoke Fruit,LOGIA,ARMAMENT|OBSERVATION,500000000,209,GRAND_LINE,Loguetown,48,97,ALIVE
Spandam,MALE,CP0,None,None,NONE,NONE,0,192,GRAND_LINE,Water 7,249,355,ALIVE
Speed,FEMALE,Beasts Pirates,Horse SMILE,Horse SMILE,ARTIFICIAL,ARMAMENT,0,298,GRAND_LINE,Wano Country,904,917,ALIVE
Streusen,MALE,Big Mom Pirates,Kuku Kuku no Mi,Cook-Cook Fruit,PARAMECIA,NONE,0,140,GRAND_LINE,Whole Cake Island,827,858,ALIVE
Stussy,FEMALE,CP0,Batto Batto no Mi,Bat-Bat Fruit,ZOAN,ARMAMENT|OBSERVATION,0,179,GRAND_LINE,Whole Cake Island,830,860,UNKNOWN
Sugar,FEMALE,Donquixote Pirates,Hobi Hobi no Mi,Hobby-Hobby Fruit,PARAMECIA,NONE,0,110,NORTH_BLUE,Punk Hazard,608,682,ALIVE
Suleiman,MALE,Beautiful Pirates,None,None,NONE,NONE,67000000,240,SOUTH_BLUE,Dressrosa,632,704,ALIVE
Baron Tamago,MALE,Big Mom Pirates,Tama Tama no Mi,Egg-Egg Fruit,ZOAN,ARMAMENT|OBSERVATION,429000000,301,GRAND_LINE,Fish-Man Island,570,651,ALIVE
Tashigi,FEMALE,Marines,None,None,NONE,ARMAMENT|OBSERVATION,100000000,170,EAST_BLUE,Loguetown,48,96,ALIVE
Toko,FEMALE,Shimotsuki Family,None,None,NONE,NONE,0,89,GRAND_LINE,Wano Country,920,927,ALIVE
Tony Tony Chopper,MALE,Straw Hat Pirates,Hito Hito no Mi,Human-Human Fruit,ZOAN,NONE,1000,90,GRAND_LINE,Drum Island,81,134,ALIVE
Trafalgar D. Water Law,MALE,Heart Pirates,Ope Ope no Mi,Op-Op Fruit,PARAMECIA,ARMAMENT|OBSERVATION,3000000000,191,NORTH_BLUE,Sabaody Archipelago,392,498,ALIVE
Trebol,MALE,Donquixote Pirates,Beta Beta no Mi,Sticky-Sticky Fruit,PARAMECIA,ARMAMENT|OBSERVATION,99000000,349,NORTH_BLUE,Dressrosa,629,700,ALIVE
Tsuru,FEMALE,Marines,Woshu Woshu no Mi,Wash-Wash Fruit,PARAMECIA,ARMAMENT|OBSERVATION,500000000,204,NORTH_BLUE,Jaya,151,234,ALIVE
Ulti,FEMALE,Beasts Pirates,Ryu Ryu no Mi Model: Pachycephalosaurus,Dragon-Dragon Fruit Model: Pachycephalosaurus,ZOAN,ARMAMENT|OBSERVATION,400000000,173,GRAND_LINE,Wano Country,982,977,ALIVE
Urouge,MALE,Fallen Monk Pirates,Unnamed,Unnamed,PARAMECIA,NONE,108000000,388,SKY_ISLANDS,Sabaody Archipelago,392,498,ALIVE
Usopp,MALE,Straw Hat Pirates,None,None,NONE,OBSERVATION,500000000,176,EAST_BLUE,Syrup Village,8,23,ALIVE
Uta,FEMALE,Red Hair Pirates,Uta Uta no Mi,Sing-Sing Fruit,PARAMECIA,NONE,0,169,UNKNOWN,Wano Country,1029,1055,UNKNOWN
Vander Decken IX,MALE,Flying Pirates,Mato Mato no Mi,Mark-Mark Fruit,PARAMECIA,NONE,0,352,GRAND_LINE,Fish-Man Island,525,606,ALIVE
Vasco Shot,MALE,Blackbeard Pirates,Gabu Gabu no Mi,Glug-Glug Fruit,PARAMECIA,NONE,0,573,SOUTH_BLUE,Marineford,484,575,ALIVE
Vegapunk,MALE,Special Science Group,Nomi Nomi no Mi,Brain-Brain Fruit,PARAMECIA,NONE,0,314,GRAND_LINE,Egghead,1096,1066,DEAD
Vergo,MALE,Donquixote Pirates,None,None,NONE,ARMAMENT|OBSERVATION,0,247,NORTH_BLUE,Punk Hazard,597,671,DEAD
Victoria Cindry,FEMALE,Thriller Bark Pirates,None,None,NONE,NONE,0,188,WEST_BLUE,Thriller Bark,340,446,DEAD
Vinsmoke Ichiji,MALE,Germa Kingdom,None,None,NONE,NONE,0,186,NORTH_BLUE,Whole Cake Island,787,828,ALIVE
Vinsmoke Judge,MALE,Germa Kingdom,None,None,NONE,NONE,0,272,NORTH_BLUE,Whole Cake Island,793,832,ALIVE
Vinsmoke Niji,MALE,Germa Kingdom,None,None,NONE,NONE,0,185,NORTH_BLUE,Whole Cake Island,787,828,ALIVE
Vinsmoke Reiju,MALE,Germa Kingdom,None,None,NONE,NONE,0,173,NORTH_BLUE,Whole Cake Island,784,826,ALIVE
Vinsmoke Sanji,MALE,Straw Hat Pirates,None,None,NONE,ARMAMENT|OBSERVATION,1032000000,180,NORTH_BLUE,Baratie,20,43,ALIVE
Vinsmoke Yonji,MALE,Germa Kingdom,None,None,NONE,NONE,0,194,NORTH_BLUE,Whole Cake Island,783,825,ALIVE
Viola,FEMALE,Riku Family,Giro Giro no Mi,Glare-Glare Fruit,PARAMECIA,NONE,0,178,GRAND_LINE,Dressrosa,632,703,ALIVE
Vista,MALE,Whitebeard Pirates,None,None,NONE,ARMAMENT|OBSERVATION,0,328,NORTH_BLUE,Marineford,461,552,ALIVE
Wadatsumi,MALE,Sun Pirates,None,None,NONE,NONE,0,8000,GRAND_LINE,Fish-Man Island,525,606,ALIVE
Wanda,FEMALE,Mokomo Dukedom,None,None,NONE,NONE,0,181,GRAND_LINE,Zou,753,804,ALIVE
Wapol,MALE,Evil Black Drum Kingdom,Baku Baku no Mi,Munch-Munch Fruit,PARAMECIA,NONE,0,207,GRAND_LINE,Drum Island,79,131,ALIVE
Who's Who,MALE,Beasts Pirates,Neko Neko no Mi Model: Saber Tiger,Cat-Cat Fruit Model: Toothed Tiger,ZOAN,ARMAMENT|OBSERVATION,546000000,336,NORTH_BLUE,Wano Country,982,977,ALIVE
Wyper,MALE,Shandia,None,None,NONE,NONE,0,183,SKY_ISLANDS,Skypiea,153,237,ALIVE
X Drake,MALE,Marines,Ryu Ryu no Mi Model: Allosaurus,Dragon-Dragon Fruit Model: Allosaurus,ZOAN,ARMAMENT|OBSERVATION,222000000,233,NORTH_BLUE,Sabaody Archipelago,392,498,ALIVE
Yamato,FEMALE,Beasts Pirates,Inu Inu no Mi Model: Okuchi no Makami,Dog-Dog Fruit Model: Okuchi-no-Makami,ZOAN,ARMAMENT|OBSERVATION|CONQUEROR,0,263,UNKNOWN,Wano Country,992,984,ALIVE
Yasopp,MALE,Red Hair Pirates,None,None,NONE,OBSERVATION,0,183,EAST_BLUE,Romance Dawn,4,1,ALIVE
York,FEMALE,Special Science Group,None,None,NONE,NONE,0,482,GRAND_LINE,Egghead,1095,1065,ALIVE
Zala,FEMALE,Baroque Works,Toge Toge no Mi,Spike-Spike Fruit,PARAMECIA,NONE,35000000,187,GRAND_LINE,Arabasta,103,155,ALIVE
Zeff,MALE,Baratie,None,None,NONE,NONE,0,189,EAST_BLUE,Baratie,20,43,ALIVE
Zunesha,MALE,None,None,None,NONE,NONE,0,500000,GRAND_LINE,Zou,751,802,ALIVE